k,r2,slope,intercept,p_value,ci_low,ci_high,n
1.0,0.02093699404611593,0.006038349416498113,0.07236361955640364,5.5725520425788505e-08,0.003869625071379687,0.00820707376161654,1397
1.5,0.02083056367821956,0.005986727210714565,0.0725584894328761,6.025912198687118e-08,0.003830940245618633,0.008142514175810496,1397
2.0,0.020665493384401934,0.005929666887246891,0.07276842803525013,6.803150611134148e-08,0.003785735440721447,0.008073598333772334,1397
2.5,0.020476573357413708,0.005874221689480282,0.07296979613227275,7.816535513818011e-08,0.0037403560813455295,0.008008087297615034,1397
3.0,0.019552118708907384,0.005716660285288248,0.07365979168563508,1.5423557793178252e-07,0.0035905015408161396,0.007842819029760357,1397
