Power k,R^2,Slope (rate/mg·L),Intercept,p-value,CI low,CI high,Tracts n
1.0,0.018136296491558013,0.005765476356036639,0.07872428999189952,1.0177325964816952e-06,0.00346262625353142,0.008068326458541858,1308
1.5,0.018070720134255036,0.005705295640839287,0.07897504870541783,1.0648893105463934e-06,0.0034222757044431854,0.007988315577235389,1308
2.0,0.017932158928525066,0.005637334105234721,0.07924408410784956,1.171850944423227e-06,0.0033726511844290137,0.007902017026040428,1308
2.5,0.01776636316536473,0.005572047767892285,0.07949605067465056,1.3140683233554788e-06,0.003322982083078536,0.007821113452706033,1308
3.0,0.017080942430673818,0.005429981972298281,0.08011954861865501,2.110396521013813e-06,0.003193937041783026,0.007666026902813537,1308
