k,r2,slope,intercept,p_value,ci_low,ci_high,n
1.0,0.01810050459276291,0.005806069897429897,0.0785548880273568,1.0432056838287504e-06,0.0034846718641667984,0.008127467930692996,1308
1.5,0.01804745899221616,0.005734960063014103,0.07885419642355912,1.0821372552220498e-06,0.003438564018676726,0.008031356107351482,1308
2.0,0.017911547936739325,0.00565717570989725,0.07916480493352651,1.1886557062819391e-06,0.003383190764351755,0.007931160655442745,1308
2.5,0.017747359922029804,0.005584798110715582,0.07944577909756212,1.3314357985684842e-06,0.0033293575992072422,0.007840238622223921,1308
3.0,0.017137038102048252,0.0054491324303573094,0.08003462092618209,2.0301105745448106e-06,0.0032089409505213816,0.007689323910193237,1308
