k,r2,slope,intercept,p_value,ci_low,ci_high,n
1.0,0.015352653346125789,0.005374662183589571,0.08683093149246318,1.482844809915457e-05,0.002950001008032756,0.007799323359146387,1215
1.5,0.01531736803352901,0.0053183929978403025,0.08707408700502119,1.5170189003115925e-05,0.002916311480226632,0.007720474515453973,1215
2.0,0.015209164086312676,0.005255193575027894,0.08733051188257265,1.6268192133312485e-05,0.0028730973826117364,0.007637289767444052,1215
2.5,0.015075038255604079,0.0051956226604637935,0.0875648494962721,1.774052338779491e-05,0.0028299142525351627,0.007561331068392425,1215
3.0,0.014494347713407851,0.00506368846625212,0.08816071481792971,2.582168744867419e-05,0.0027116281692425616,0.007415748763261678,1215
